,Messkomponente,Feinstaub (PM10),"Feinstaub (PM2,5)",Stickstoffdioxid,Stickstoffmonoxid,Stickoxide,code,Ozon
0,Jan 2010,54.0,,30.0,7.0,40.0,mc171,
1,Feb 2010,40.0,,31.0,4.0,36.0,mc171,
2,Mär 2010,29.0,,31.0,4.0,37.0,mc171,
3,Apr 2010,28.0,,29.0,5.0,36.0,mc171,
4,Mai 2010,21.0,,23.0,4.0,29.0,mc171,
5,Jun 2010,24.0,,23.0,4.0,29.0,mc171,
6,Jul 2010,27.0,,23.0,3.0,27.0,mc171,
7,Aug 2010,21.0,,25.0,4.0,31.0,mc171,
8,Sep 2010,19.0,,29.0,8.0,42.0,mc171,
9,Okt 2010,26.0,,31.0,9.0,45.0,mc171,
10,Nov 2010,20.0,,27.0,8.0,40.0,mc171,
11,Dez 2010,31.0,,35.0,11.0,51.0,mc171,
12,Jan 2011,22.0,,34.0,8.0,46.0,mc171,
13,Feb 2011,41.0,,26.0,3.0,31.0,mc171,
14,Mär 2011,37.0,,37.0,7.0,47.0,mc171,
15,Apr 2011,28.0,,29.0,5.0,36.0,mc171,
16,Mai 2011,23.0,,27.0,4.0,32.0,mc171,
17,Jun 2011,17.0,,21.0,3.0,26.0,mc171,
18,Jul 2011,15.0,,19.0,3.0,24.0,mc171,
19,Aug 2011,18.0,,22.0,4.0,29.0,mc171,
20,Sep 2011,18.0,,33.0,17.0,59.0,mc171,
21,Okt 2011,25.0,,31.0,16.0,55.0,mc171,
22,Nov 2011,51.0,,34.0,18.0,61.0,mc171,
23,Dez 2011,13.0,,26.0,5.0,33.0,mc171,
24,Jan 2012,25.0,,26.0,6.0,35.0,mc171,
25,Feb 2012,26.0,,31.0,6.0,40.0,mc171,
26,Mär 2012,28.0,,29.0,8.0,41.0,mc171,
27,Apr 2012,21.0,,26.0,5.0,34.0,mc171,
28,Mai 2012,21.0,,20.0,3.0,24.0,mc171,
29,Jun 2012,18.0,,24.0,4.0,30.0,mc171,
30,Jul 2012,19.0,,22.0,4.0,29.0,mc171,
31,Aug 2012,20.0,,27.0,5.0,35.0,mc171,
32,Sep 2012,17.0,,33.0,7.0,44.0,mc171,
33,Okt 2012,20.0,,34.0,18.0,61.0,mc171,
34,Nov 2012,23.0,,33.0,15.0,55.0,mc171,
35,Dez 2012,27.0,,33.0,13.0,53.0,mc171,
36,Jan 2013,27.0,,24.0,5.0,31.0,mc171,
37,Feb 2013,31.0,,24.0,4.0,30.0,mc171,
38,Mär 2013,31.0,,25.0,6.0,33.0,mc171,
39,Apr 2013,29.0,,29.0,7.0,39.0,mc171,
40,Mai 2013,21.0,,23.0,3.0,28.0,mc171,
41,Jun 2013,18.0,,19.0,3.0,24.0,mc171,
42,Jul 2013,21.0,,22.0,3.0,27.0,mc171,
43,Aug 2013,23.0,,28.0,6.0,36.0,mc171,
44,Sep 2013,15.0,,27.0,8.0,40.0,mc171,
45,Okt 2013,23.0,,36.0,19.0,64.0,mc171,
46,Nov 2013,19.0,,34.0,14.0,56.0,mc171,
47,Dez 2013,18.0,,32.0,19.0,62.0,mc171,
48,Jan 2014,36.0,,30.0,11.0,46.0,mc171,
49,Feb 2014,28.0,,37.0,17.0,63.0,mc171,
50,Mär 2014,37.0,,33.0,10.0,48.0,mc171,
51,Apr 2014,24.0,,25.0,5.0,32.0,mc171,
52,Mai 2014,16.0,,22.0,4.0,27.0,mc171,
53,Jun 2014,18.0,,24.0,7.0,34.0,mc171,
54,Jul 2014,23.0,,22.0,3.0,26.0,mc171,
55,Aug 2014,17.0,,27.0,5.0,34.0,mc171,
56,Sep 2014,26.0,,27.0,6.0,36.0,mc171,
57,Okt 2014,28.0,,31.0,13.0,51.0,mc171,
58,Nov 2014,33.0,,26.0,13.0,46.0,mc171,
59,Dez 2014,21.0,,27.0,9.0,41.0,mc171,
60,Jan 2015,19.0,,25.0,5.0,32.0,mc171,
61,Feb 2015,28.0,,31.0,9.0,45.0,mc171,
62,Mär 2015,27.0,,27.0,6.0,36.0,mc171,
63,Apr 2015,20.0,,27.0,7.0,37.0,mc171,
64,Mai 2015,19.0,,27.0,5.0,34.0,mc171,
65,Jun 2015,19.0,,23.0,5.0,30.0,mc171,
66,Jul 2015,21.0,,23.0,4.0,30.0,mc171,
67,Aug 2015,26.0,,24.0,3.0,29.0,mc171,
68,Sep 2015,18.0,,29.0,6.0,38.0,mc171,
69,Okt 2015,36.0,,34.0,17.0,60.0,mc171,
70,Nov 2015,27.0,,32.0,22.0,66.0,mc171,
71,Dez 2015,22.0,,28.0,8.0,40.0,mc171,
72,Jan 2016,34.0,,32.0,9.0,46.0,mc171,
73,Feb 2016,20.0,,26.0,5.0,33.0,mc171,
74,Mär 2016,23.0,,29.0,9.0,42.0,mc171,
75,Apr 2016,21.0,,28.0,7.0,39.0,mc171,
76,Mai 2016,22.0,,22.0,3.0,26.0,mc171,
77,Jun 2016,20.0,,23.0,3.0,28.0,mc171,
78,Jul 2016,19.0,,22.0,4.0,29.0,mc171,
79,Aug 2016,18.0,,25.0,5.0,34.0,mc171,
80,Sep 2016,27.0,,31.0,6.0,40.0,mc171,
81,Okt 2016,21.0,,25.0,9.0,39.0,mc171,
82,Nov 2016,20.0,,33.0,16.0,58.0,mc171,
83,Dez 2016,19.0,,34.0,13.0,55.0,mc171,
84,Jan 2017,27.0,,35.0,9.0,49.0,mc171,
85,Feb 2017,38.0,,30.0,7.0,41.0,mc171,
86,Mär 2017,21.0,,32.0,7.0,44.0,mc171,
87,Apr 2017,19.0,13.0,24.0,4.0,30.0,mc171,
88,Mai 2017,23.0,14.0,22.0,3.0,27.0,mc171,
89,Jun 2017,18.0,11.0,22.0,3.0,27.0,mc171,
90,Jul 2017,17.0,11.0,22.0,4.0,28.0,mc171,
91,Aug 2017,18.0,11.0,25.0,5.0,32.0,mc171,
92,Sep 2017,22.0,15.0,26.0,8.0,38.0,mc171,
93,Okt 2017,21.0,15.0,29.0,11.0,46.0,mc171,
94,Nov 2017,21.0,17.0,30.0,9.0,44.0,mc171,
95,Dez 2017,17.0,13.0,27.0,7.0,38.0,mc171,
96,Jan 2018,20.0,16.0,25.0,6.0,34.0,mc171,
97,Feb 2018,26.0,21.0,28.0,5.0,35.0,mc171,
98,Mär 2018,27.0,22.0,27.0,5.0,34.0,mc171,
99,Apr 2018,24.0,17.0,26.0,5.0,33.0,mc171,
100,Mai 2018,22.0,12.0,15.0,2.0,18.0,mc171,
101,Jun 2018,17.0,11.0,18.0,3.0,22.0,mc171,
102,Jul 2018,16.0,9.0,16.0,2.0,20.0,mc171,
103,Aug 2018,22.0,12.0,22.0,3.0,27.0,mc171,
104,Sep 2018,25.0,12.0,30.0,7.0,41.0,mc171,
105,Okt 2018,27.0,17.0,33.0,13.0,53.0,mc171,
106,Nov 2018,30.0,25.0,28.0,10.0,43.0,mc171,
107,Dez 2018,17.0,14.0,24.0,6.0,33.0,mc171,
108,Jan 2019,19.0,16.0,24.0,4.0,30.0,mc171,
109,Feb 2019,27.0,21.0,35.0,10.0,51.0,mc171,
110,Mär 2019,15.0,11.0,21.0,3.0,25.0,mc171,
111,Apr 2019,25.0,16.0,16.0,2.0,18.0,mc171,
112,Mai 2019,15.0,9.0,18.0,3.0,22.0,mc171,
113,Jun 2019,18.0,10.0,18.0,2.0,21.0,mc171,
114,Jul 2019,17.0,9.0,16.0,3.0,20.0,mc171,
115,Aug 2019,17.0,10.0,23.0,3.0,28.0,mc171,
116,Sep 2019,16.0,9.0,24.0,5.0,31.0,mc171,
117,Okt 2019,17.0,12.0,27.0,9.0,41.0,mc171,
118,Nov 2019,23.0,19.0,26.0,7.0,36.0,mc171,
119,Dez 2019,17.0,13.0,28.0,7.0,38.0,mc171,
120,Jan 2020,18.0,14.0,26.0,4.0,32.0,mc171,
121,Feb 2020,12.0,8.0,19.0,2.0,22.0,mc171,
122,Mär 2020,18.0,13.0,18.0,2.0,22.0,mc171,
123,Apr 2020,18.0,10.0,15.0,1.0,17.0,mc171,
124,Mai 2020,12.0,7.0,12.0,2.0,15.0,mc171,
125,Jun 2020,14.0,8.0,11.0,1.0,12.0,mc171,
126,Jul 2020,16.0,8.0,13.0,2.0,17.0,mc171,
127,Aug 2020,21.0,11.0,17.0,2.0,19.0,mc171,
128,Sep 2020,18.0,10.0,25.0,4.0,31.0,mc171,
129,Okt 2020,15.0,10.0,20.0,4.0,25.0,mc171,
130,Nov 2020,19.0,15.0,21.0,4.0,27.0,mc171,
131,Dez 2020,23.0,20.0,21.0,5.0,29.0,mc171,
132,Jan 2021,15.0,12.0,19.0,3.0,22.0,mc171,
133,Feb 2021,25.0,18.0,27.0,6.0,36.0,mc171,
134,Mär 2021,21.0,14.0,23.0,8.0,34.0,mc171,
135,Apr 2021,17.0,10.0,12.0,2.0,15.0,mc171,
136,Mai 2021,12.0,8.0,11.0,1.0,13.0,mc171,
137,Jun 2021,22.0,12.0,12.0,1.0,13.0,mc171,
138,Jul 2021,,,,,,mc171,
139,Aug 2021,13.0,8.0,13.0,2.0,16.0,mc171,
140,Sep 2021,22.0,13.0,18.0,3.0,23.0,mc171,
141,Okt 2021,,,21.0,4.0,27.0,mc171,
142,Nov 2021,22.0,16.0,21.0,5.0,29.0,mc171,
143,Dez 2021,21.0,17.0,22.0,5.0,29.0,mc171,
144,Jan 2022,18.0,13.0,16.0,2.0,19.0,mc171,
145,Feb 2022,13.0,9.0,14.0,2.0,16.0,mc171,
146,Mär 2022,29.0,19.0,21.0,4.0,26.0,mc171,
147,Apr 2022,16.0,10.0,12.0,2.0,14.0,mc171,
148,Mai 2022,18.0,9.0,13.0,2.0,15.0,mc171,
149,Jun 2022,17.0,9.0,13.0,2.0,15.0,mc171,
150,Jul 2022,16.0,7.0,11.0,2.0,13.0,mc171,
151,Aug 2022,20.0,10.0,13.0,2.0,14.0,mc171,
152,Sep 2022,15.0,9.0,16.0,3.0,20.0,mc171,
153,Okt 2022,20.0,13.0,22.0,7.0,33.0,mc171,
154,Nov 2022,26.0,19.0,21.0,6.0,30.0,mc171,
0,Jan 2010,64.0,,44.0,38.0,101.0,mc174,
1,Feb 2010,46.0,,46.0,30.0,91.0,mc174,
2,Mär 2010,39.0,,47.0,32.0,95.0,mc174,
3,Apr 2010,34.0,,42.0,24.0,78.0,mc174,
4,Mai 2010,25.0,,33.0,19.0,61.0,mc174,
5,Jun 2010,26.0,,33.0,15.0,57.0,mc174,
6,Jul 2010,30.0,,40.0,16.0,65.0,mc174,
7,Aug 2010,25.0,,41.0,23.0,76.0,mc174,
8,Sep 2010,25.0,,44.0,32.0,93.0,mc174,
9,Okt 2010,36.0,,53.0,53.0,134.0,mc174,
10,Nov 2010,24.0,,39.0,33.0,89.0,mc174,
11,Dez 2010,37.0,,47.0,41.0,109.0,mc174,
12,Jan 2011,28.0,,49.0,39.0,108.0,mc174,
13,Feb 2011,48.0,,42.0,28.0,86.0,mc174,
14,Mär 2011,42.0,,50.0,30.0,97.0,mc174,
15,Apr 2011,30.0,,41.0,20.0,72.0,mc174,
16,Mai 2011,26.0,,45.0,20.0,76.0,mc174,
17,Jun 2011,19.0,,34.0,16.0,58.0,mc174,
18,Jul 2011,16.0,,33.0,18.0,60.0,mc174,
19,Aug 2011,22.0,,41.0,22.0,75.0,mc174,
20,Sep 2011,27.0,,50.0,42.0,114.0,mc174,
21,Okt 2011,30.0,,48.0,45.0,116.0,mc174,
22,Nov 2011,54.0,,52.0,47.0,124.0,mc174,
23,Dez 2011,16.0,,36.0,25.0,74.0,mc174,
24,Jan 2012,26.0,,41.0,31.0,89.0,mc174,
25,Feb 2012,31.0,,43.0,28.0,85.0,mc174,
26,Mär 2012,35.0,,44.0,32.0,92.0,mc174,
27,Apr 2012,26.0,,43.0,23.0,77.0,mc174,
28,Mai 2012,24.0,,36.0,17.0,63.0,mc174,
29,Jun 2012,21.0,,40.0,20.0,71.0,mc174,
30,Jul 2012,22.0,,37.0,18.0,65.0,mc174,
31,Aug 2012,26.0,,42.0,21.0,75.0,mc174,
32,Sep 2012,24.0,,48.0,32.0,96.0,mc174,
33,Okt 2012,27.0,,47.0,47.0,118.0,mc174,
34,Nov 2012,31.0,,44.0,48.0,118.0,mc174,
35,Dez 2012,33.0,,45.0,45.0,114.0,mc174,
36,Jan 2013,34.0,,38.0,30.0,84.0,mc174,
37,Feb 2013,36.0,,38.0,24.0,74.0,mc174,
38,Mär 2013,36.0,,41.0,22.0,76.0,mc174,
39,Apr 2013,36.0,,43.0,23.0,78.0,mc174,
40,Mai 2013,26.0,,38.0,18.0,66.0,mc174,
41,Jun 2013,21.0,,30.0,14.0,50.0,mc174,
42,Jul 2013,23.0,,35.0,16.0,59.0,mc174,
43,Aug 2013,26.0,,45.0,23.0,81.0,mc174,
44,Sep 2013,21.0,,44.0,38.0,102.0,mc174,
45,Okt 2013,28.0,,46.0,43.0,112.0,mc174,
46,Nov 2013,23.0,,44.0,39.0,103.0,mc174,
47,Dez 2013,24.0,,43.0,42.0,108.0,mc174,
48,Jan 2014,43.0,,42.0,36.0,97.0,mc174,
49,Feb 2014,36.0,,49.0,36.0,104.0,mc174,
50,Mär 2014,45.0,,50.0,36.0,105.0,mc174,
51,Apr 2014,28.0,,38.0,20.0,68.0,mc174,
52,Mai 2014,20.0,,37.0,19.0,66.0,mc174,
53,Jun 2014,21.0,,37.0,21.0,69.0,mc174,
54,Jul 2014,28.0,,38.0,16.0,62.0,mc174,
55,Aug 2014,23.0,,45.0,26.0,85.0,mc174,
56,Sep 2014,33.0,,44.0,32.0,93.0,mc174,
57,Okt 2014,35.0,,44.0,48.0,118.0,mc174,
58,Nov 2014,42.0,,38.0,46.0,108.0,mc174,
59,Dez 2014,30.0,,39.0,35.0,92.0,mc174,
60,Jan 2015,31.0,,38.0,29.0,83.0,mc174,
61,Feb 2015,39.0,,46.0,36.0,101.0,mc174,
62,Mär 2015,34.0,,45.0,30.0,91.0,mc174,
63,Apr 2015,24.0,,39.0,23.0,75.0,mc174,
64,Mai 2015,24.0,,39.0,20.0,69.0,mc174,
65,Jun 2015,21.0,,38.0,20.0,68.0,mc174,
66,Jul 2015,24.0,,40.0,20.0,70.0,mc174,
67,Aug 2015,31.0,,38.0,15.0,61.0,mc174,
68,Sep 2015,21.0,,40.0,25.0,78.0,mc174,
69,Okt 2015,42.0,,46.0,46.0,116.0,mc174,
70,Nov 2015,29.0,,46.0,57.0,133.0,mc174,
71,Dez 2015,26.0,,39.0,35.0,92.0,mc174,
72,Jan 2016,45.0,,42.0,40.0,103.0,mc174,
73,Feb 2016,28.0,,40.0,30.0,86.0,mc174,
74,Mär 2016,31.0,,42.0,31.0,90.0,mc174,
75,Apr 2016,26.0,,44.0,28.0,87.0,mc174,
76,Mai 2016,26.0,,39.0,17.0,65.0,mc174,
77,Jun 2016,23.0,,38.0,18.0,66.0,mc174,
78,Jul 2016,20.0,,35.0,17.0,61.0,mc174,
79,Aug 2016,20.0,,39.0,23.0,74.0,mc174,
80,Sep 2016,32.0,,48.0,23.0,83.0,mc174,
81,Okt 2016,27.0,,34.0,36.0,89.0,mc174,
82,Nov 2016,27.0,,44.0,51.0,122.0,mc174,
83,Dez 2016,28.0,,47.0,49.0,122.0,mc174,
84,Jan 2017,38.0,28.0,48.0,42.0,112.0,mc174,
85,Feb 2017,50.0,36.0,45.0,40.0,106.0,mc174,
86,Mär 2017,30.0,17.0,48.0,32.0,98.0,mc174,
87,Apr 2017,23.0,15.0,38.0,21.0,70.0,mc174,
88,Mai 2017,25.0,15.0,37.0,18.0,65.0,mc174,
89,Jun 2017,21.0,11.0,40.0,23.0,75.0,mc174,
90,Jul 2017,22.0,12.0,36.0,20.0,68.0,mc174,
91,Aug 2017,23.0,12.0,42.0,23.0,76.0,mc174,
92,Sep 2017,26.0,16.0,39.0,28.0,82.0,mc174,
93,Okt 2017,27.0,16.0,41.0,37.0,97.0,mc174,
94,Nov 2017,26.0,18.0,42.0,36.0,96.0,mc174,
95,Dez 2017,22.0,15.0,40.0,35.0,93.0,mc174,
96,Jan 2018,25.0,19.0,39.0,32.0,87.0,mc174,
97,Feb 2018,37.0,25.0,40.0,28.0,83.0,mc174,
98,Mär 2018,36.0,26.0,42.0,27.0,83.0,mc174,
99,Apr 2018,30.0,19.0,41.0,19.0,70.0,mc174,
100,Mai 2018,26.0,13.0,29.0,10.0,43.0,mc174,
101,Jun 2018,22.0,13.0,33.0,14.0,55.0,mc174,
102,Jul 2018,20.0,10.0,28.0,10.0,44.0,mc174,
103,Aug 2018,23.0,10.0,38.0,17.0,64.0,mc174,
104,Sep 2018,26.0,12.0,41.0,21.0,72.0,mc174,
105,Okt 2018,31.0,18.0,46.0,34.0,99.0,mc174,
106,Nov 2018,35.0,26.0,39.0,42.0,103.0,mc174,
107,Dez 2018,21.0,16.0,34.0,30.0,80.0,mc174,
108,Jan 2019,26.0,19.0,37.0,28.0,79.0,mc174,28.0
109,Feb 2019,35.0,24.0,50.0,47.0,122.0,mc174,21.0
110,Mär 2019,20.0,13.0,35.0,21.0,66.0,mc174,44.0
111,Apr 2019,29.0,17.0,27.0,10.0,42.0,mc174,72.0
112,Mai 2019,19.0,11.0,29.0,14.0,50.0,mc174,59.0
113,Jun 2019,23.0,11.0,33.0,11.0,51.0,mc174,76.0
114,Jul 2019,19.0,10.0,28.0,13.0,48.0,mc174,56.0
115,Aug 2019,21.0,11.0,39.0,17.0,66.0,mc174,55.0
116,Sep 2019,21.0,11.0,36.0,23.0,71.0,mc174,37.0
117,Okt 2019,22.0,14.0,37.0,32.0,86.0,mc174,22.0
118,Nov 2019,29.0,21.0,34.0,35.0,88.0,mc174,10.0
119,Dez 2019,25.0,16.0,38.0,32.0,87.0,mc174,20.0
120,Jan 2020,26.0,17.0,37.0,28.0,80.0,mc174,24.0
121,Feb 2020,16.0,10.0,32.0,22.0,65.0,mc174,40.0
122,Mär 2020,23.0,15.0,32.0,18.0,59.0,mc174,47.0
123,Apr 2020,25.0,12.0,28.0,11.0,44.0,mc174,65.0
124,Mai 2020,16.0,9.0,23.0,9.0,37.0,mc174,62.0
125,Jun 2020,19.0,10.0,19.0,7.0,29.0,mc174,66.0
126,Jul 2020,18.0,9.0,24.0,12.0,42.0,mc174,50.0
127,Aug 2020,26.0,11.0,26.0,8.0,38.0,mc174,63.0
128,Sep 2020,25.0,12.0,35.0,16.0,59.0,mc174,39.0
129,Okt 2020,20.0,12.0,28.0,19.0,57.0,mc174,25.0
130,Nov 2020,24.0,17.0,30.0,23.0,64.0,mc174,18.0
131,Dez 2020,30.0,23.0,27.0,25.0,65.0,mc174,14.0
132,Jan 2021,21.0,16.0,27.0,15.0,50.0,mc174,25.0
133,Feb 2021,34.0,21.0,36.0,25.0,75.0,mc174,30.0
134,Mär 2021,29.0,18.0,35.0,25.0,73.0,mc174,41.0
135,Apr 2021,20.0,12.0,23.0,9.0,37.0,mc174,61.0
136,Mai 2021,15.0,9.0,22.0,9.0,35.0,mc174,59.0
137,Jun 2021,23.0,12.0,24.0,7.0,35.0,mc174,73.0
138,Jul 2021,21.0,11.0,23.0,9.0,36.0,mc174,56.0
139,Aug 2021,16.0,9.0,23.0,10.0,38.0,mc174,50.0
140,Sep 2021,24.0,15.0,29.0,13.0,49.0,mc174,38.0
141,Okt 2021,24.0,15.0,31.0,17.0,58.0,mc174,30.0
142,Nov 2021,24.0,18.0,30.0,24.0,66.0,mc174,21.0
143,Dez 2021,25.0,20.0,30.0,23.0,65.0,mc174,20.0
144,Jan 2022,20.0,15.0,27.0,13.0,46.0,mc174,35.0
145,Feb 2022,15.0,10.0,24.0,9.0,38.0,mc174,48.0
146,Mär 2022,33.0,21.0,32.0,14.0,54.0,mc174,53.0
147,Apr 2022,18.0,11.0,19.0,6.0,29.0,mc174,66.0
148,Mai 2022,20.0,10.0,22.0,8.0,33.0,mc174,67.0
149,Jun 2022,19.0,10.0,21.0,7.0,31.0,mc174,72.0
150,Jul 2022,17.0,8.0,19.0,6.0,29.0,mc174,64.0
151,Aug 2022,23.0,11.0,19.0,5.0,27.0,mc174,66.0
152,Sep 2022,17.0,10.0,25.0,13.0,45.0,mc174,39.0
153,Okt 2022,24.0,14.0,31.0,24.0,68.0,mc174,20.0
154,Nov 2022,28.0,20.0,29.0,26.0,69.0,mc174,14.0
0,Jan 2010,59.0,,35.0,11.0,52.0,mc042,
1,Feb 2010,41.0,,36.0,6.0,45.0,mc042,43.0
2,Mär 2010,29.0,,34.0,6.0,43.0,mc042,47.0
3,Apr 2010,26.0,,28.0,4.0,34.0,mc042,63.0
4,Mai 2010,20.0,,23.0,3.0,27.0,mc042,50.0
5,Jun 2010,22.0,,20.0,3.0,25.0,mc042,68.0
6,Jul 2010,24.0,,19.0,3.0,23.0,mc042,82.0
7,Aug 2010,19.0,,23.0,4.0,28.0,mc042,49.0
8,Sep 2010,19.0,,27.0,8.0,39.0,mc042,33.0
9,Okt 2010,27.0,,30.0,10.0,46.0,mc042,25.0
10,Nov 2010,20.0,,28.0,10.0,43.0,mc042,23.0
11,Dez 2010,32.0,,39.0,14.0,60.0,mc042,21.0
12,Jan 2011,23.0,,36.0,11.0,53.0,mc042,24.0
13,Feb 2011,42.0,,27.0,5.0,35.0,mc042,44.0
14,Mär 2011,35.0,,40.0,10.0,55.0,mc042,43.0
15,Apr 2011,24.0,,27.0,5.0,35.0,mc042,66.0
16,Mai 2011,21.0,,24.0,3.0,29.0,mc042,73.0
17,Jun 2011,16.0,,19.0,2.0,23.0,mc042,68.0
18,Jul 2011,13.0,,19.0,3.0,23.0,mc042,55.0
19,Aug 2011,18.0,,23.0,4.0,29.0,mc042,49.0
20,Sep 2011,22.0,,32.0,15.0,55.0,mc042,34.0
21,Okt 2011,26.0,,30.0,14.0,52.0,mc042,25.0
22,Nov 2011,50.0,,34.0,17.0,60.0,mc042,13.0
23,Dez 2011,13.0,,27.0,6.0,36.0,mc042,29.0
24,Jan 2012,26.0,,28.0,8.0,40.0,mc042,30.0
25,Feb 2012,27.0,,33.0,8.0,45.0,mc042,32.0
26,Mär 2012,28.0,,30.0,8.0,42.0,mc042,45.0
27,Apr 2012,21.0,,27.0,5.0,34.0,mc042,60.0
28,Mai 2012,21.0,,19.0,3.0,23.0,mc042,72.0
29,Jun 2012,16.0,,22.0,3.0,27.0,mc042,60.0
30,Jul 2012,16.0,,21.0,3.0,27.0,mc042,57.0
31,Aug 2012,24.0,,24.0,4.0,30.0,mc042,53.0
32,Sep 2012,18.0,,29.0,7.0,39.0,mc042,39.0
33,Okt 2012,20.0,,31.0,16.0,55.0,mc042,24.0
34,Nov 2012,24.0,,34.0,16.0,59.0,mc042,13.0
35,Dez 2012,26.0,,34.0,14.0,56.0,mc042,17.0
36,Jan 2013,27.0,,28.0,7.0,38.0,mc042,30.0
37,Feb 2013,29.0,,29.0,5.0,37.0,mc042,37.0
38,Mär 2013,28.0,,30.0,6.0,40.0,mc042,62.0
39,Apr 2013,25.0,,28.0,5.0,36.0,mc042,63.0
40,Mai 2013,19.0,,22.0,3.0,27.0,mc042,58.0
41,Jun 2013,22.0,,18.0,3.0,22.0,mc042,63.0
42,Jul 2013,22.0,,20.0,3.0,24.0,mc042,64.0
43,Aug 2013,23.0,,27.0,5.0,35.0,mc042,58.0
44,Sep 2013,16.0,,26.0,8.0,38.0,mc042,33.0
45,Okt 2013,23.0,,31.0,11.0,47.0,mc042,24.0
46,Nov 2013,19.0,,33.0,12.0,50.0,mc042,20.0
47,Dez 2013,19.0,,31.0,14.0,53.0,mc042,20.0
48,Jan 2014,38.0,,29.0,8.0,42.0,mc042,21.0
49,Feb 2014,29.0,,36.0,9.0,50.0,mc042,26.0
50,Mär 2014,40.0,,34.0,10.0,50.0,mc042,39.0
51,Apr 2014,27.0,,25.0,4.0,31.0,mc042,59.0
52,Mai 2014,18.0,,21.0,3.0,26.0,mc042,62.0
53,Jun 2014,19.0,,23.0,5.0,30.0,mc042,59.0
54,Jul 2014,22.0,,20.0,2.0,24.0,mc042,67.0
55,Aug 2014,16.0,,24.0,4.0,30.0,mc042,53.0
56,Sep 2014,27.0,,26.0,7.0,37.0,mc042,43.0
57,Okt 2014,27.0,,29.0,14.0,51.0,mc042,19.0
58,Nov 2014,35.0,,26.0,14.0,48.0,mc042,12.0
59,Dez 2014,23.0,,28.0,10.0,43.0,mc042,25.0
60,Jan 2015,21.0,,28.0,7.0,38.0,mc042,31.0
61,Feb 2015,30.0,,34.0,11.0,50.0,mc042,29.0
62,Mär 2015,28.0,,29.0,6.0,38.0,mc042,44.0
63,Apr 2015,19.0,,26.0,6.0,35.0,mc042,58.0
64,Mai 2015,19.0,,25.0,3.0,30.0,mc042,61.0
65,Jun 2015,17.0,,20.0,3.0,24.0,mc042,67.0
66,Jul 2015,18.0,,20.0,3.0,25.0,mc042,68.0
67,Aug 2015,26.0,,22.0,3.0,26.0,mc042,79.0
68,Sep 2015,16.0,,26.0,5.0,33.0,mc042,41.0
69,Okt 2015,33.0,,31.0,14.0,53.0,mc042,22.0
70,Nov 2015,20.0,,32.0,22.0,65.0,mc042,22.0
71,Dez 2015,19.0,,29.0,9.0,43.0,mc042,23.0
72,Jan 2016,34.0,,33.0,12.0,52.0,mc042,19.0
73,Feb 2016,19.0,,28.0,6.0,37.0,mc042,36.0
74,Mär 2016,26.0,,31.0,8.0,44.0,mc042,40.0
75,Apr 2016,22.0,,28.0,6.0,37.0,mc042,55.0
76,Mai 2016,24.0,,22.0,2.0,26.0,mc042,76.0
77,Jun 2016,21.0,,21.0,2.0,25.0,mc042,66.0
78,Jul 2016,19.0,,19.0,3.0,23.0,mc042,59.0
79,Aug 2016,16.0,,22.0,5.0,29.0,mc042,48.0
80,Sep 2016,28.0,,29.0,6.0,37.0,mc042,56.0
81,Okt 2016,21.0,,24.0,9.0,37.0,mc042,18.0
82,Nov 2016,22.0,,34.0,17.0,60.0,mc042,16.0
83,Dez 2016,21.0,,35.0,15.0,57.0,mc042,20.0
84,Jan 2017,28.0,24.0,37.0,11.0,54.0,mc042,22.0
85,Feb 2017,39.0,32.0,33.0,9.0,47.0,mc042,34.0
86,Mär 2017,21.0,15.0,33.0,7.0,43.0,mc042,45.0
87,Apr 2017,18.0,13.0,23.0,4.0,29.0,mc042,60.0
88,Mai 2017,23.0,14.0,21.0,3.0,25.0,mc042,69.0
89,Jun 2017,18.0,10.0,20.0,3.0,24.0,mc042,60.0
90,Jul 2017,18.0,11.0,20.0,3.0,25.0,mc042,52.0
91,Aug 2017,20.0,11.0,21.0,4.0,28.0,mc042,55.0
92,Sep 2017,22.0,15.0,24.0,6.0,33.0,mc042,36.0
93,Okt 2017,20.0,14.0,26.0,9.0,39.0,mc042,29.0
94,Nov 2017,20.0,17.0,30.0,10.0,45.0,mc042,21.0
95,Dez 2017,17.0,14.0,28.0,8.0,40.0,mc042,27.0
96,Jan 2018,20.0,17.0,26.0,7.0,37.0,mc042,31.0
97,Feb 2018,29.0,23.0,31.0,7.0,42.0,mc042,37.0
98,Mär 2018,29.0,24.0,29.0,6.0,38.0,mc042,45.0
99,Apr 2018,26.0,17.0,24.0,3.0,30.0,mc042,66.0
100,Mai 2018,26.0,13.0,14.0,1.0,16.0,mc042,85.0
101,Jun 2018,21.0,11.0,16.0,2.0,19.0,mc042,74.0
102,Jul 2018,19.0,9.0,16.0,2.0,18.0,mc042,75.0
103,Aug 2018,23.0,9.0,20.0,2.0,23.0,mc042,73.0
104,Sep 2018,25.0,11.0,28.0,6.0,37.0,mc042,51.0
105,Okt 2018,28.0,16.0,33.0,12.0,51.0,mc042,36.0
106,Nov 2018,30.0,25.0,29.0,12.0,47.0,mc042,16.0
107,Dez 2018,17.0,14.0,25.0,7.0,35.0,mc042,25.0
108,Jan 2019,19.0,17.0,26.0,5.0,34.0,mc042,35.0
109,Feb 2019,25.0,21.0,37.0,13.0,57.0,mc042,29.0
110,Mär 2019,15.0,12.0,22.0,3.0,27.0,mc042,53.0
111,Apr 2019,26.0,15.0,16.0,2.0,18.0,mc042,80.0
112,Mai 2019,15.0,10.0,17.0,2.0,21.0,mc042,66.0
113,Jun 2019,18.0,10.0,15.0,1.0,17.0,mc042,89.0
114,Jul 2019,18.0,9.0,14.0,2.0,16.0,mc042,64.0
115,Aug 2019,19.0,10.0,21.0,3.0,25.0,mc042,67.0
116,Sep 2019,17.0,9.0,22.0,4.0,28.0,mc042,46.0
117,Okt 2019,17.0,12.0,25.0,7.0,35.0,mc042,28.0
118,Nov 2019,22.0,18.0,25.0,8.0,37.0,mc042,13.0
119,Dez 2019,17.0,13.0,28.0,8.0,40.0,mc042,24.0
120,Jan 2020,18.0,14.0,28.0,6.0,38.0,mc042,28.0
121,Feb 2020,12.0,9.0,21.0,3.0,25.0,mc042,47.0
122,Mär 2020,19.0,14.0,21.0,3.0,26.0,mc042,55.0
123,Apr 2020,21.0,11.0,18.0,2.0,21.0,mc042,73.0
124,Mai 2020,13.0,8.0,15.0,2.0,18.0,mc042,66.0
125,Jun 2020,17.0,9.0,13.0,2.0,15.0,mc042,69.0
126,Jul 2020,15.0,9.0,15.0,2.0,18.0,mc042,55.0
127,Aug 2020,20.0,11.0,18.0,2.0,21.0,mc042,69.0
128,Sep 2020,20.0,12.0,27.0,6.0,36.0,mc042,44.0
129,Okt 2020,16.0,11.0,21.0,5.0,28.0,mc042,29.0
130,Nov 2020,20.0,16.0,23.0,6.0,32.0,mc042,22.0
131,Dez 2020,24.0,21.0,21.0,7.0,31.0,mc042,16.0
132,Jan 2021,16.0,14.0,20.0,4.0,25.0,mc042,28.0
133,Feb 2021,27.0,20.0,29.0,6.0,39.0,mc042,35.0
134,Mär 2021,22.0,16.0,27.0,9.0,40.0,mc042,48.0
135,Apr 2021,17.0,11.0,16.0,2.0,19.0,mc042,67.0
136,Mai 2021,12.0,8.0,14.0,2.0,17.0,mc042,65.0
137,Jun 2021,16.0,10.0,13.0,1.0,15.0,mc042,81.0
138,Jul 2021,18.0,10.0,12.0,1.0,14.0,mc042,63.0
139,Aug 2021,13.0,8.0,14.0,2.0,16.0,mc042,55.0
140,Sep 2021,18.0,12.0,18.0,3.0,23.0,mc042,44.0
141,Okt 2021,17.0,13.0,22.0,4.0,27.0,mc042,36.0
142,Nov 2021,17.0,14.0,22.0,6.0,31.0,mc042,25.0
143,Dez 2021,18.0,16.0,24.0,6.0,33.0,mc042,22.0
144,Jan 2022,14.0,12.0,20.0,3.0,25.0,mc042,34.0
145,Feb 2022,11.0,8.0,16.0,2.0,19.0,mc042,52.0
146,Mär 2022,25.0,18.0,24.0,5.0,31.0,mc042,57.0
147,Apr 2022,15.0,9.0,14.0,2.0,16.0,mc042,69.0
148,Mai 2022,19.0,9.0,13.0,2.0,15.0,mc042,72.0
149,Jun 2022,18.0,9.0,13.0,2.0,15.0,mc042,78.0
150,Jul 2022,16.0,8.0,12.0,2.0,13.0,mc042,69.0
151,Aug 2022,19.0,10.0,13.0,2.0,15.0,mc042,69.0
152,Sep 2022,14.0,8.0,15.0,3.0,19.0,mc042,45.0
153,Okt 2022,19.0,12.0,21.0,7.0,32.0,mc042,26.0
154,Nov 2022,22.0,18.0,22.0,7.0,32.0,mc042,18.0
1,Jan 2010,51.0,,34.0,11.0,50.0,mc010,
2,Feb 2010,35.0,,37.0,8.0,49.0,mc010,39.0
3,Mär 2010,25.0,,30.0,7.0,41.0,mc010,48.0
4,Apr 2010,24.0,,27.0,5.0,35.0,mc010,63.0
5,Mai 2010,18.0,,21.0,3.0,26.0,mc010,51.0
6,Jun 2010,18.0,,21.0,3.0,25.0,mc010,66.0
7,Jul 2010,21.0,,23.0,2.0,25.0,mc010,81.0
8,Aug 2010,16.0,,24.0,4.0,30.0,mc010,50.0
9,Sep 2010,17.0,,27.0,8.0,40.0,mc010,32.0
10,Okt 2010,26.0,,33.0,14.0,55.0,mc010,21.0
11,Nov 2010,19.0,,27.0,11.0,45.0,mc010,23.0
12,Dez 2010,34.0,,34.0,14.0,56.0,mc010,22.0
13,Jan 2011,22.0,,34.0,11.0,51.0,mc010,26.0
14,Feb 2011,43.0,,29.0,6.0,38.0,mc010,42.0
15,Mär 2011,37.0,,39.0,13.0,58.0,mc010,44.0
16,Apr 2011,26.0,,28.0,7.0,39.0,mc010,65.0
17,Mai 2011,21.0,,29.0,4.0,35.0,mc010,69.0
18,Jun 2011,16.0,,21.0,3.0,25.0,mc010,66.0
19,Jul 2011,14.0,,20.0,3.0,25.0,mc010,53.0
20,Aug 2011,19.0,,26.0,4.0,32.0,mc010,48.0
21,Sep 2011,23.0,,35.0,18.0,63.0,mc010,34.0
22,Okt 2011,27.0,,33.0,19.0,61.0,mc010,25.0
23,Nov 2011,51.0,,38.0,24.0,74.0,mc010,12.0
24,Dez 2011,14.0,,26.0,9.0,40.0,mc010,30.0
25,Jan 2012,25.0,,26.0,8.0,38.0,mc010,31.0
26,Feb 2012,26.0,,31.0,9.0,45.0,mc010,
27,Mär 2012,29.0,,28.0,10.0,43.0,mc010,46.0
28,Apr 2012,22.0,,28.0,7.0,38.0,mc010,60.0
29,Mai 2012,22.0,,21.0,3.0,24.0,mc010,71.0
30,Jun 2012,19.0,,24.0,4.0,30.0,mc010,59.0
31,Jul 2012,20.0,,23.0,4.0,29.0,mc010,58.0
32,Aug 2012,22.0,,27.0,4.0,34.0,mc010,53.0
33,Sep 2012,18.0,,32.0,10.0,46.0,mc010,38.0
34,Okt 2012,22.0,,34.0,18.0,61.0,mc010,23.0
35,Nov 2012,27.0,,35.0,20.0,65.0,mc010,14.0
36,Dez 2012,29.0,,35.0,16.0,59.0,mc010,18.0
37,Jan 2013,29.0,,28.0,8.0,40.0,mc010,32.0
38,Feb 2013,31.0,,27.0,5.0,34.0,mc010,39.0
39,Mär 2013,31.0,,28.0,5.0,36.0,mc010,64.0
40,Apr 2013,30.0,,28.0,6.0,38.0,mc010,63.0
41,Mai 2013,22.0,,23.0,4.0,28.0,mc010,58.0
42,Jun 2013,19.0,,18.0,3.0,22.0,mc010,63.0
43,Jul 2013,21.0,,21.0,3.0,26.0,mc010,62.0
44,Aug 2013,23.0,,28.0,5.0,36.0,mc010,55.0
45,Sep 2013,16.0,,25.0,7.0,37.0,mc010,31.0
46,Okt 2013,24.0,,33.0,13.0,53.0,mc010,23.0
47,Nov 2013,20.0,,32.0,13.0,51.0,mc010,20.0
48,Dez 2013,19.0,,32.0,18.0,59.0,mc010,21.0
49,Jan 2014,37.0,,32.0,10.0,47.0,mc010,21.0
50,Feb 2014,26.0,,37.0,13.0,57.0,mc010,27.0
51,Mär 2014,35.0,,36.0,14.0,57.0,mc010,38.0
52,Apr 2014,23.0,,25.0,5.0,33.0,mc010,58.0
53,Mai 2014,14.0,,22.0,4.0,27.0,mc010,62.0
54,Jun 2014,13.0,,22.0,5.0,31.0,mc010,59.0
55,Jul 2014,16.0,,21.0,2.0,25.0,mc010,68.0
56,Aug 2014,16.0,,26.0,5.0,33.0,mc010,54.0
57,Sep 2014,29.0,,27.0,7.0,37.0,mc010,43.0
58,Okt 2014,32.0,,32.0,17.0,59.0,mc010,19.0
59,Nov 2014,38.0,,29.0,16.0,53.0,mc010,11.0
60,Dez 2014,24.0,,28.0,11.0,45.0,mc010,25.0
61,Jan 2015,18.0,,27.0,9.0,41.0,mc010,32.0
62,Feb 2015,32.0,,34.0,14.0,55.0,mc010,30.0
63,Mär 2015,30.0,,28.0,9.0,42.0,mc010,46.0
64,Apr 2015,18.0,,26.0,7.0,37.0,mc010,61.0
65,Mai 2015,15.0,,26.0,5.0,33.0,mc010,63.0
66,Jun 2015,14.0,,22.0,3.0,27.0,mc010,68.0
67,Jul 2015,16.0,,22.0,3.0,27.0,mc010,69.0
68,Aug 2015,24.0,,25.0,4.0,31.0,mc010,77.0
69,Sep 2015,15.0,,28.0,6.0,38.0,mc010,41.0
70,Okt 2015,38.0,,34.0,17.0,60.0,mc010,21.0
71,Nov 2015,22.0,,33.0,25.0,72.0,mc010,23.0
72,Dez 2015,19.0,,29.0,12.0,47.0,mc010,26.0
73,Jan 2016,33.0,,33.0,14.0,54.0,mc010,21.0
74,Feb 2016,21.0,,28.0,8.0,41.0,mc010,38.0
75,Mär 2016,24.0,,29.0,11.0,45.0,mc010,42.0
76,Apr 2016,19.0,,29.0,8.0,41.0,mc010,53.0
77,Mai 2016,20.0,,21.0,3.0,25.0,mc010,74.0
78,Jun 2016,18.0,,23.0,3.0,28.0,mc010,64.0
79,Jul 2016,17.0,,20.0,2.0,23.0,mc010,59.0
80,Aug 2016,16.0,,23.0,5.0,31.0,mc010,48.0
81,Sep 2016,25.0,,30.0,5.0,37.0,mc010,55.0
82,Okt 2016,20.0,,23.0,10.0,37.0,mc010,18.0
83,Nov 2016,20.0,,34.0,20.0,64.0,mc010,16.0
84,Dez 2016,18.0,,33.0,16.0,58.0,mc010,21.0
85,Jan 2017,27.0,24.0,37.0,14.0,59.0,mc010,22.0
86,Feb 2017,38.0,33.0,33.0,12.0,51.0,mc010,34.0
87,Mär 2017,20.0,15.0,34.0,12.0,52.0,mc010,42.0
88,Apr 2017,17.0,13.0,27.0,6.0,36.0,mc010,55.0
89,Mai 2017,20.0,13.0,24.0,4.0,30.0,mc010,65.0
90,Jun 2017,16.0,10.0,23.0,3.0,28.0,mc010,58.0
91,Jul 2017,17.0,11.0,23.0,4.0,28.0,mc010,49.0
92,Aug 2017,16.0,11.0,26.0,5.0,33.0,mc010,51.0
93,Sep 2017,20.0,15.0,27.0,9.0,40.0,mc010,32.0
94,Okt 2017,16.0,12.0,29.0,11.0,46.0,mc010,27.0
95,Nov 2017,18.0,15.0,30.0,12.0,48.0,mc010,21.0
96,Dez 2017,15.0,13.0,30.0,10.0,46.0,mc010,25.0
97,Jan 2018,18.0,15.0,28.0,10.0,43.0,mc010,29.0
98,Feb 2018,25.0,22.0,31.0,8.0,44.0,mc010,35.0
99,Mär 2018,28.0,23.0,30.0,7.0,40.0,mc010,44.0
100,Apr 2018,24.0,17.0,28.0,7.0,38.0,mc010,63.0
101,Mai 2018,22.0,12.0,18.0,2.0,21.0,mc010,81.0
102,Jun 2018,18.0,10.0,21.0,3.0,25.0,mc010,70.0
103,Jul 2018,17.0,9.0,20.0,2.0,23.0,mc010,71.0
104,Aug 2018,18.0,8.0,25.0,3.0,29.0,mc010,72.0
105,Sep 2018,18.0,9.0,30.0,6.0,40.0,mc010,51.0
106,Okt 2018,23.0,15.0,36.0,15.0,59.0,mc010,35.0
107,Nov 2018,30.0,24.0,31.0,15.0,53.0,mc010,14.0
108,Dez 2018,16.0,13.0,28.0,10.0,44.0,mc010,23.0
109,Jan 2019,18.0,15.0,28.0,8.0,40.0,mc010,33.0
110,Feb 2019,25.0,19.0,39.0,17.0,65.0,mc010,27.0
111,Mär 2019,15.0,11.0,25.0,5.0,33.0,mc010,51.0
112,Apr 2019,25.0,15.0,18.0,2.0,22.0,mc010,77.0
113,Mai 2019,14.0,9.0,20.0,3.0,24.0,mc010,64.0
114,Jun 2019,18.0,10.0,19.0,2.0,22.0,mc010,86.0
115,Jul 2019,15.0,9.0,19.0,2.0,22.0,mc010,61.0
116,Aug 2019,16.0,9.0,25.0,3.0,29.0,mc010,66.0
117,Sep 2019,14.0,8.0,26.0,5.0,34.0,mc010,44.0
118,Okt 2019,16.0,11.0,28.0,13.0,48.0,mc010,27.0
119,Nov 2019,22.0,18.0,27.0,10.0,43.0,mc010,13.0
120,Dez 2019,16.0,12.0,30.0,10.0,45.0,mc010,25.0
121,Jan 2020,16.0,13.0,31.0,9.0,45.0,mc010,29.0
122,Feb 2020,11.0,8.0,24.0,5.0,32.0,mc010,46.0
123,Mär 2020,18.0,13.0,24.0,5.0,32.0,mc010,54.0
124,Apr 2020,18.0,10.0,22.0,4.0,28.0,mc010,71.0
125,Mai 2020,12.0,7.0,18.0,3.0,23.0,mc010,65.0
126,Jun 2020,15.0,9.0,13.0,2.0,16.0,mc010,70.0
127,Jul 2020,13.0,7.0,17.0,3.0,22.0,mc010,54.0
128,Aug 2020,18.0,10.0,20.0,2.0,24.0,mc010,69.0
129,Sep 2020,18.0,10.0,28.0,7.0,39.0,mc010,44.0
130,Okt 2020,14.0,10.0,21.0,7.0,32.0,mc010,30.0
131,Nov 2020,17.0,14.0,25.0,9.0,39.0,mc010,21.0
132,Dez 2020,21.0,19.0,23.0,9.0,36.0,mc010,16.0
133,Jan 2021,14.0,12.0,23.0,7.0,34.0,mc010,27.0
134,Feb 2021,24.0,18.0,31.0,10.0,46.0,mc010,34.0
135,Mär 2021,19.0,14.0,29.0,12.0,48.0,mc010,45.0
136,Apr 2021,14.0,10.0,18.0,3.0,23.0,mc010,65.0
137,Mai 2021,11.0,7.0,16.0,3.0,20.0,mc010,64.0
138,Jun 2021,18.0,10.0,16.0,2.0,18.0,mc010,80.0
139,Jul 2021,16.0,10.0,15.0,2.0,19.0,mc010,62.0
140,Aug 2021,11.0,7.0,14.0,2.0,18.0,mc010,56.0
141,Sep 2021,16.0,11.0,20.0,4.0,26.0,mc010,45.0
142,Okt 2021,17.0,12.0,23.0,5.0,31.0,mc010,37.0
143,Nov 2021,17.0,14.0,24.0,8.0,36.0,mc010,25.0
144,Dez 2021,18.0,16.0,26.0,8.0,39.0,mc010,22.0
145,Jan 2022,14.0,11.0,23.0,6.0,32.0,mc010,38.0
146,Feb 2022,12.0,8.0,20.0,4.0,26.0,mc010,51.0
147,Mär 2022,27.0,19.0,25.0,6.0,33.0,mc010,56.0
148,Apr 2022,15.0,10.0,15.0,3.0,18.0,mc010,68.0
149,Mai 2022,16.0,9.0,15.0,2.0,18.0,mc010,71.0
150,Jun 2022,15.0,8.0,15.0,2.0,17.0,mc010,76.0
151,Jul 2022,12.0,6.0,12.0,2.0,14.0,mc010,67.0
152,Aug 2022,15.0,8.0,14.0,2.0,16.0,mc010,67.0
153,Sep 2022,12.0,7.0,18.0,4.0,24.0,mc010,44.0
154,Okt 2022,18.0,11.0,24.0,9.0,38.0,mc010,23.0
155,Nov 2022,22.0,17.0,23.0,9.0,37.0,mc010,18.0
0,Jan 2010,61.0,,45.0,45.0,115.0,mc124,
1,Feb 2010,47.0,,50.0,40.0,110.0,mc124,
2,Mär 2010,53.0,,57.0,56.0,143.0,mc124,
3,Apr 2010,39.0,,54.0,42.0,117.0,mc124,
4,Mai 2010,32.0,,50.0,45.0,120.0,mc124,
5,Jun 2010,32.0,,54.0,41.0,116.0,mc124,
6,Jul 2010,34.0,,50.0,31.0,98.0,mc124,
7,Aug 2010,29.0,,49.0,46.0,120.0,mc124,
8,Sep 2010,28.0,,49.0,56.0,135.0,mc124,
9,Okt 2010,35.0,,43.0,56.0,128.0,mc124,
10,Nov 2010,30.0,,45.0,58.0,135.0,mc124,
11,Dez 2010,42.0,,52.0,59.0,142.0,mc124,
12,Jan 2011,37.0,,57.0,71.0,165.0,mc124,
13,Feb 2011,53.0,,39.0,33.0,89.0,mc124,
14,Mär 2011,48.0,,65.0,62.0,160.0,mc124,
15,Apr 2011,36.0,,53.0,43.0,119.0,mc124,
16,Mai 2011,29.0,,53.0,38.0,111.0,mc124,
17,Jun 2011,22.0,,50.0,35.0,104.0,mc124,
18,Jul 2011,20.0,,45.0,40.0,106.0,mc124,
19,Aug 2011,24.0,,52.0,45.0,121.0,mc124,
20,Sep 2011,28.0,,58.0,73.0,170.0,mc124,
21,Okt 2011,31.0,,47.0,59.0,137.0,mc124,
22,Nov 2011,50.0,,43.0,53.0,124.0,mc124,
23,Dez 2011,19.0,,46.0,52.0,125.0,mc124,
24,Jan 2012,32.0,,45.0,53.0,127.0,mc124,
25,Feb 2012,39.0,,55.0,62.0,149.0,mc124,
26,Mär 2012,36.0,,57.0,63.0,153.0,mc124,
27,Apr 2012,26.0,,50.0,39.0,110.0,mc124,
28,Mai 2012,26.0,,42.0,30.0,89.0,mc124,
29,Jun 2012,24.0,,49.0,40.0,110.0,mc124,
30,Jul 2012,25.0,,48.0,39.0,107.0,mc124,
31,Aug 2012,26.0,,53.0,44.0,119.0,mc124,
32,Sep 2012,24.0,,57.0,59.0,147.0,mc124,
33,Okt 2012,25.0,,50.0,64.0,148.0,mc124,
34,Nov 2012,29.0,,49.0,68.0,152.0,mc124,
35,Dez 2012,33.0,,47.0,56.0,132.0,mc124,
36,Jan 2013,33.0,,43.0,47.0,116.0,mc124,
37,Feb 2013,40.0,,49.0,48.0,123.0,mc124,
38,Mär 2013,38.0,,49.0,36.0,105.0,mc124,
39,Apr 2013,39.0,,56.0,45.0,125.0,mc124,
40,Mai 2013,26.0,,45.0,34.0,97.0,mc124,
41,Jun 2013,25.0,,45.0,34.0,98.0,mc124,
42,Jul 2013,27.0,,54.0,40.0,115.0,mc124,
43,Aug 2013,27.0,,54.0,45.0,123.0,mc124,
44,Sep 2013,22.0,,46.0,55.0,129.0,mc124,
45,Okt 2013,27.0,,47.0,57.0,133.0,mc124,
46,Nov 2013,25.0,,55.0,76.0,171.0,mc124,
47,Dez 2013,27.0,,49.0,73.0,161.0,mc124,
48,Jan 2014,38.0,,37.0,34.0,89.0,mc124,
49,Feb 2014,36.0,,49.0,52.0,129.0,mc124,
50,Mär 2014,43.0,,54.0,57.0,141.0,mc124,
51,Apr 2014,30.0,,46.0,39.0,104.0,mc124,
52,Mai 2014,21.0,,43.0,33.0,94.0,mc124,
53,Jun 2014,,,51.0,44.0,118.0,mc124,
54,Jul 2014,28.0,,50.0,32.0,98.0,mc124,
55,Aug 2014,23.0,,52.0,46.0,122.0,mc124,
56,Sep 2014,30.0,,45.0,44.0,113.0,mc124,
57,Okt 2014,33.0,,44.0,61.0,137.0,mc124,
58,Nov 2014,37.0,,36.0,54.0,119.0,mc124,
59,Dez 2014,29.0,,45.0,59.0,136.0,mc124,
60,Jan 2015,28.0,,45.0,52.0,124.0,mc124,
61,Feb 2015,41.0,,56.0,68.0,159.0,mc124,
62,Mär 2015,33.0,,49.0,52.0,128.0,mc124,
63,Apr 2015,26.0,,59.0,57.0,146.0,mc124,
64,Mai 2015,27.0,,55.0,45.0,123.0,mc124,
65,Jun 2015,26.0,,52.0,44.0,119.0,mc124,
66,Jul 2015,27.0,,46.0,38.0,104.0,mc124,
67,Aug 2015,31.0,,45.0,26.0,84.0,mc124,
68,Sep 2015,23.0,,49.0,51.0,127.0,mc124,
69,Okt 2015,38.0,,44.0,57.0,131.0,mc124,
70,Nov 2015,27.0,,48.0,78.0,166.0,mc124,
71,Dez 2015,26.0,,42.0,53.0,122.0,mc124,
72,Jan 2016,40.0,,45.0,56.0,131.0,mc124,
73,Feb 2016,30.0,,47.0,53.0,127.0,mc124,
74,Mär 2016,32.0,,51.0,56.0,137.0,mc124,
75,Apr 2016,24.0,,53.0,50.0,129.0,mc124,
76,Mai 2016,24.0,,40.0,30.0,86.0,mc124,
77,Jun 2016,22.0,,47.0,34.0,99.0,mc124,
78,Jul 2016,20.0,,49.0,40.0,111.0,mc124,
79,Aug 2016,18.0,,45.0,48.0,119.0,mc124,
80,Sep 2016,24.0,,51.0,38.0,108.0,mc124,
81,Okt 2016,24.0,,35.0,46.0,105.0,mc124,
82,Nov 2016,25.0,,46.0,70.0,153.0,mc124,
83,Dez 2016,25.0,,48.0,72.0,158.0,mc124,
84,Jan 2017,34.0,27.0,50.0,65.0,148.0,mc124,
85,Feb 2017,46.0,35.0,45.0,40.0,106.0,mc124,
86,Mär 2017,28.0,17.0,58.0,57.0,146.0,mc124,
87,Apr 2017,24.0,15.0,52.0,45.0,121.0,mc124,
88,Mai 2017,26.0,15.0,44.0,31.0,91.0,mc124,
89,Jun 2017,22.0,12.0,47.0,38.0,105.0,mc124,
90,Jul 2017,22.0,13.0,48.0,44.0,115.0,mc124,
91,Aug 2017,21.0,12.0,45.0,35.0,98.0,mc124,
92,Sep 2017,24.0,15.0,45.0,47.0,117.0,mc124,
93,Okt 2017,23.0,14.0,42.0,52.0,122.0,mc124,
94,Nov 2017,25.0,17.0,45.0,63.0,141.0,mc124,
95,Dez 2017,21.0,14.0,43.0,57.0,130.0,mc124,
96,Jan 2018,23.0,17.0,40.0,44.0,108.0,mc124,
97,Feb 2018,34.0,24.0,47.0,41.0,110.0,mc124,
98,Mär 2018,34.0,24.0,43.0,36.0,98.0,mc124,
99,Apr 2018,30.0,18.0,45.0,32.0,95.0,mc124,
100,Mai 2018,25.0,13.0,29.0,15.0,52.0,mc124,
101,Jun 2018,21.0,12.0,41.0,29.0,85.0,mc124,
102,Jul 2018,20.0,10.0,42.0,25.0,80.0,mc124,
103,Aug 2018,21.0,10.0,45.0,27.0,86.0,mc124,
104,Sep 2018,22.0,11.0,47.0,36.0,102.0,mc124,
105,Okt 2018,26.0,16.0,43.0,46.0,114.0,mc124,
106,Nov 2018,31.0,24.0,33.0,37.0,90.0,mc124,
107,Dez 2018,18.0,14.0,34.0,39.0,94.0,mc124,
108,Jan 2019,22.0,16.0,38.0,39.0,98.0,mc124,
109,Feb 2019,32.0,21.0,51.0,60.0,143.0,mc124,
110,Mär 2019,19.0,12.0,42.0,37.0,99.0,mc124,
111,Apr 2019,28.0,16.0,29.0,13.0,49.0,mc124,
112,Mai 2019,18.0,11.0,39.0,27.0,80.0,mc124,
113,Jun 2019,20.0,11.0,34.0,16.0,58.0,mc124,
114,Jul 2019,19.0,10.0,36.0,27.0,78.0,mc124,
115,Aug 2019,20.0,11.0,44.0,29.0,88.0,mc124,
116,Sep 2019,18.0,10.0,43.0,42.0,107.0,mc124,
117,Okt 2019,20.0,12.0,38.0,49.0,112.0,mc124,
118,Nov 2019,25.0,19.0,33.0,41.0,96.0,mc124,
119,Dez 2019,20.0,14.0,39.0,44.0,106.0,mc124,
120,Jan 2020,23.0,15.0,41.0,46.0,111.0,mc124,
121,Feb 2020,15.0,10.0,36.0,34.0,88.0,mc124,
122,Mär 2020,23.0,15.0,35.0,26.0,74.0,mc124,
123,Apr 2020,24.0,12.0,35.0,21.0,67.0,mc124,
124,Mai 2020,17.0,10.0,38.0,31.0,86.0,mc124,
125,Jun 2020,19.0,11.0,33.0,22.0,67.0,mc124,
126,Jul 2020,17.0,9.0,35.0,32.0,85.0,mc124,
127,Aug 2020,22.0,12.0,33.0,17.0,59.0,mc124,
128,Sep 2020,23.0,12.0,40.0,33.0,90.0,mc124,
129,Okt 2020,19.0,12.0,31.0,34.0,83.0,mc124,
130,Nov 2020,23.0,16.0,31.0,38.0,89.0,mc124,
131,Dez 2020,26.0,21.0,24.0,24.0,61.0,mc124,
132,Jan 2021,21.0,15.0,31.0,31.0,79.0,mc124,
133,Feb 2021,34.0,21.0,40.0,36.0,95.0,mc124,
134,Mär 2021,29.0,17.0,44.0,44.0,111.0,mc124,
135,Apr 2021,21.0,12.0,34.0,24.0,71.0,mc124,
136,Mai 2021,16.0,9.0,30.0,21.0,63.0,mc124,
137,Jun 2021,20.0,13.0,33.0,19.0,63.0,mc124,
138,Jul 2021,18.0,12.0,31.0,23.0,67.0,mc124,
139,Aug 2021,15.0,9.0,30.0,24.0,67.0,mc124,
140,Sep 2021,22.0,13.0,33.0,28.0,76.0,mc124,
141,Okt 2021,23.0,14.0,33.0,31.0,80.0,mc124,
142,Nov 2021,24.0,17.0,31.0,39.0,91.0,mc124,
143,Dez 2021,25.0,19.0,31.0,33.0,82.0,mc124,
144,Jan 2022,21.0,14.0,31.0,30.0,76.0,mc124,
145,Feb 2022,17.0,10.0,27.0,20.0,58.0,mc124,
146,Mär 2022,34.0,21.0,37.0,27.0,79.0,mc124,
147,Apr 2022,20.0,11.0,29.0,17.0,55.0,mc124,
148,Mai 2022,22.0,11.0,31.0,19.0,61.0,mc124,
149,Jun 2022,22.0,11.0,30.0,16.0,54.0,mc124,
150,Jul 2022,20.0,9.0,28.0,17.0,54.0,mc124,
151,Aug 2022,24.0,12.0,28.0,14.0,49.0,mc124,
152,Sep 2022,18.0,10.0,26.0,24.0,62.0,mc124,
153,Okt 2022,23.0,14.0,30.0,31.0,78.0,mc124,
154,Nov 2022,27.0,20.0,26.0,25.0,63.0,mc124,
0,Jan 2010,46.0,,26.0,5.0,33.0,mc032,32.0
1,Feb 2010,32.0,,23.0,3.0,27.0,mc032,
2,Mär 2010,20.0,,15.0,2.0,19.0,mc032,56.0
3,Apr 2010,20.0,,11.0,1.0,12.0,mc032,71.0
4,Mai 2010,16.0,,8.0,1.0,10.0,mc032,50.0
5,Jun 2010,15.0,,7.0,1.0,8.0,mc032,62.0
6,Jul 2010,19.0,,12.0,1.0,13.0,mc032,76.0
7,Aug 2010,15.0,,11.0,2.0,13.0,mc032,41.0
8,Sep 2010,16.0,,10.0,2.0,13.0,mc032,32.0
9,Okt 2010,22.0,,16.0,4.0,23.0,mc032,25.0
10,Nov 2010,16.0,,16.0,5.0,24.0,mc032,27.0
11,Dez 2010,28.0,,28.0,9.0,41.0,mc032,29.0
12,Jan 2011,17.0,,18.0,4.0,24.0,mc032,34.0
13,Feb 2011,38.0,,19.0,2.0,22.0,mc032,48.0
14,Mär 2011,27.0,,18.0,3.0,22.0,mc032,51.0
15,Apr 2011,20.0,,10.0,1.0,12.0,mc032,68.0
16,Mai 2011,16.0,,10.0,1.0,11.0,mc032,66.0
17,Jun 2011,12.0,,10.0,1.0,11.0,mc032,60.0
18,Jul 2011,11.0,,8.0,1.0,8.0,mc032,49.0
19,Aug 2011,16.0,,9.0,1.0,10.0,mc032,42.0
20,Sep 2011,17.0,,10.0,2.0,14.0,mc032,33.0
21,Okt 2011,22.0,,13.0,5.0,21.0,mc032,27.0
22,Nov 2011,43.0,,24.0,12.0,43.0,mc032,14.0
23,Dez 2011,10.0,,12.0,1.0,13.0,mc032,38.0
24,Jan 2012,21.0,,14.0,2.0,17.0,mc032,38.0
25,Feb 2012,23.0,,18.0,2.0,20.0,mc032,40.0
26,Mär 2012,22.0,,13.0,2.0,16.0,mc032,54.0
27,Apr 2012,16.0,,13.0,1.0,14.0,mc032,63.0
28,Mai 2012,19.0,,10.0,1.0,10.0,mc032,65.0
29,Jun 2012,14.0,,9.0,1.0,10.0,mc032,52.0
30,Jul 2012,15.0,,8.0,1.0,9.0,mc032,46.0
31,Aug 2012,16.0,,11.0,1.0,12.0,mc032,41.0
32,Sep 2012,13.0,,11.0,1.0,12.0,mc032,38.0
33,Okt 2012,17.0,,15.0,3.0,21.0,mc032,25.0
34,Nov 2012,20.0,,19.0,8.0,31.0,mc032,17.0
35,Dez 2012,22.0,,24.0,8.0,36.0,mc032,23.0
36,Jan 2013,23.0,,17.0,2.0,20.0,mc032,37.0
37,Feb 2013,26.0,,15.0,1.0,16.0,mc032,43.0
38,Mär 2013,26.0,,16.0,2.0,19.0,mc032,70.0
39,Apr 2013,23.0,,14.0,1.0,16.0,mc032,67.0
40,Mai 2013,17.0,,10.0,1.0,12.0,mc032,53.0
41,Jun 2013,15.0,,9.0,0.0,10.0,mc032,55.0
42,Jul 2013,16.0,,8.0,0.0,8.0,mc032,58.0
43,Aug 2013,16.0,,13.0,1.0,15.0,mc032,47.0
44,Sep 2013,13.0,,10.0,1.0,12.0,mc032,31.0
45,Okt 2013,19.0,,15.0,4.0,20.0,mc032,24.0
46,Nov 2013,13.0,,16.0,4.0,21.0,mc032,26.0
47,Dez 2013,13.0,,18.0,6.0,27.0,mc032,27.0
48,Jan 2014,29.0,,24.0,4.0,30.0,mc032,24.0
49,Feb 2014,20.0,,22.0,4.0,28.0,mc032,33.0
50,Mär 2014,29.0,,19.0,3.0,23.0,mc032,44.0
51,Apr 2014,21.0,,13.0,1.0,15.0,mc032,60.0
52,Mai 2014,13.0,,8.0,1.0,9.0,mc032,58.0
53,Jun 2014,13.0,,8.0,1.0,8.0,mc032,55.0
54,Jul 2014,19.0,,10.0,1.0,11.0,mc032,59.0
55,Aug 2014,13.0,,8.0,1.0,9.0,mc032,49.0
56,Sep 2014,23.0,,12.0,1.0,14.0,mc032,42.0
57,Okt 2014,23.0,,15.0,4.0,21.0,mc032,20.0
58,Nov 2014,30.0,,18.0,6.0,27.0,mc032,14.0
59,Dez 2014,19.0,,15.0,3.0,19.0,mc032,33.0
60,Jan 2015,15.0,,13.0,2.0,15.0,mc032,40.0
61,Feb 2015,24.0,,18.0,3.0,23.0,mc032,37.0
62,Mär 2015,23.0,,14.0,2.0,17.0,mc032,51.0
63,Apr 2015,14.0,,8.0,1.0,10.0,mc032,66.0
64,Mai 2015,13.0,,8.0,1.0,10.0,mc032,65.0
65,Jun 2015,14.0,,9.0,1.0,9.0,mc032,64.0
66,Jul 2015,15.0,,9.0,1.0,10.0,mc032,62.0
67,Aug 2015,19.0,,16.0,1.0,18.0,mc032,71.0
68,Sep 2015,12.0,,13.0,1.0,15.0,mc032,37.0
69,Okt 2015,29.0,,20.0,5.0,27.0,mc032,21.0
70,Nov 2015,16.0,,15.0,10.0,30.0,mc032,28.0
71,Dez 2015,12.0,,15.0,3.0,20.0,mc032,32.0
72,Jan 2016,26.0,,22.0,6.0,32.0,mc032,25.0
73,Feb 2016,15.0,,14.0,2.0,17.0,mc032,44.0
74,Mär 2016,19.0,,14.0,2.0,17.0,mc032,47.0
75,Apr 2016,14.0,,12.0,2.0,14.0,mc032,60.0
76,Mai 2016,15.0,,10.0,0.0,10.0,mc032,72.0
77,Jun 2016,14.0,,10.0,1.0,11.0,mc032,59.0
78,Jul 2016,12.0,,10.0,1.0,10.0,mc032,55.0
79,Aug 2016,13.0,,10.0,1.0,11.0,mc032,47.0
80,Sep 2016,21.0,,17.0,2.0,20.0,mc032,55.0
81,Okt 2016,21.0,,13.0,3.0,17.0,mc032,19.0
82,Nov 2016,19.0,,20.0,8.0,32.0,mc032,19.0
83,Dez 2016,17.0,,19.0,6.0,28.0,mc032,26.0
84,Jan 2017,22.0,20.0,22.0,3.0,26.0,mc032,31.0
85,Feb 2017,31.0,28.0,22.0,4.0,27.0,mc032,39.0
86,Mär 2017,15.0,11.0,14.0,1.0,16.0,mc032,53.0
87,Apr 2017,14.0,10.0,8.0,1.0,9.0,mc032,65.0
88,Mai 2017,17.0,11.0,10.0,0.0,10.0,mc032,66.0
89,Jun 2017,13.0,8.0,8.0,0.0,9.0,mc032,56.0
90,Jul 2017,15.0,9.0,7.0,0.0,7.0,mc032,47.0
91,Aug 2017,13.0,8.0,8.0,1.0,10.0,mc032,46.0
92,Sep 2017,15.0,10.0,10.0,1.0,12.0,mc032,32.0
93,Okt 2017,16.0,10.0,10.0,3.0,13.0,mc032,33.0
94,Nov 2017,15.0,12.0,14.0,2.0,18.0,mc032,28.0
95,Dez 2017,12.0,9.0,12.0,2.0,15.0,mc032,35.0
96,Jan 2018,15.0,12.0,14.0,3.0,19.0,mc032,37.0
97,Feb 2018,21.0,18.0,21.0,3.0,25.0,mc032,39.0
98,Mär 2018,23.0,19.0,18.0,2.0,20.0,mc032,48.0
99,Apr 2018,20.0,13.0,12.0,1.0,13.0,mc032,67.0
100,Mai 2018,20.0,10.0,10.0,0.0,11.0,mc032,76.0
101,Jun 2018,14.0,9.0,8.0,0.0,9.0,mc032,69.0
102,Jul 2018,11.0,7.0,11.0,1.0,12.0,mc032,69.0
103,Aug 2018,13.0,7.0,12.0,1.0,12.0,mc032,72.0
104,Sep 2018,15.0,8.0,13.0,1.0,15.0,mc032,55.0
105,Okt 2018,18.0,12.0,19.0,5.0,26.0,mc032,36.0
106,Nov 2018,24.0,21.0,21.0,10.0,36.0,mc032,15.0
107,Dez 2018,13.0,11.0,14.0,3.0,18.0,mc032,30.0
108,Jan 2019,15.0,13.0,13.0,1.0,15.0,mc032,42.0
109,Feb 2019,19.0,17.0,18.0,3.0,23.0,mc032,38.0
110,Mär 2019,12.0,10.0,8.0,1.0,9.0,mc032,60.0
111,Apr 2019,22.0,15.0,13.0,1.0,13.0,mc032,78.0
112,Mai 2019,12.0,8.0,9.0,1.0,10.0,mc032,65.0
113,Jun 2019,17.0,10.0,11.0,0.0,12.0,mc032,80.0
114,Jul 2019,14.0,8.0,9.0,1.0,11.0,mc032,61.0
115,Aug 2019,15.0,9.0,13.0,1.0,15.0,mc032,62.0
116,Sep 2019,12.0,7.0,12.0,2.0,14.0,mc032,46.0
117,Okt 2019,16.0,10.0,14.0,4.0,20.0,mc032,25.0
118,Nov 2019,21.0,16.0,17.0,4.0,23.0,mc032,15.0
119,Dez 2019,13.0,11.0,15.0,4.0,21.0,mc032,30.0
120,Jan 2020,14.0,11.0,13.0,2.0,16.0,mc032,36.0
121,Feb 2020,10.0,7.0,7.0,1.0,8.0,mc032,53.0
122,Mär 2020,16.0,12.0,11.0,1.0,12.0,mc032,58.0
123,Apr 2020,17.0,9.0,8.0,0.0,8.0,mc032,77.0
124,Mai 2020,11.0,6.0,7.0,0.0,8.0,mc032,61.0
125,Jun 2020,14.0,9.0,9.0,0.0,9.0,mc032,60.0
126,Jul 2020,11.0,6.0,7.0,1.0,8.0,mc032,50.0
127,Aug 2020,15.0,8.0,12.0,1.0,14.0,mc032,62.0
128,Sep 2020,15.0,8.0,12.0,2.0,15.0,mc032,42.0
129,Okt 2020,14.0,9.0,11.0,1.0,13.0,mc032,26.0
130,Nov 2020,13.0,11.0,12.0,3.0,16.0,mc032,24.0
131,Dez 2020,18.0,16.0,15.0,3.0,20.0,mc032,17.0
132,Jan 2021,12.0,10.0,10.0,1.0,11.0,mc032,32.0
133,Feb 2021,19.0,15.0,15.0,3.0,20.0,mc032,39.0
134,Mär 2021,16.0,12.0,10.0,2.0,12.0,mc032,52.0
135,Apr 2021,13.0,9.0,6.0,0.0,7.0,mc032,69.0
136,Mai 2021,11.0,6.0,5.0,0.0,5.0,mc032,62.0
137,Jun 2021,17.0,10.0,8.0,0.0,8.0,mc032,71.0
138,Jul 2021,16.0,9.0,8.0,1.0,9.0,mc032,51.0
139,Aug 2021,,,6.0,0.0,6.0,mc032,48.0
140,Sep 2021,17.0,11.0,7.0,1.0,8.0,mc032,38.0
141,Okt 2021,16.0,11.0,10.0,1.0,12.0,mc032,31.0
142,Nov 2021,16.0,13.0,11.0,2.0,15.0,mc032,28.0
143,Dez 2021,17.0,15.0,14.0,2.0,16.0,mc032,28.0
144,Jan 2022,13.0,11.0,8.0,2.0,8.0,mc032,45.0
145,Feb 2022,9.0,7.0,7.0,2.0,7.0,mc032,58.0
146,Mär 2022,,,14.0,2.0,15.0,mc032,58.0
147,Apr 2022,12.0,8.0,7.0,2.0,8.0,mc032,68.0
148,Mai 2022,14.0,7.0,7.0,2.0,7.0,mc032,65.0
149,Jun 2022,12.0,7.0,8.0,2.0,9.0,mc032,69.0
150,Jul 2022,10.0,6.0,9.0,2.0,10.0,mc032,63.0
151,Aug 2022,,,,,,mc032,
152,Sep 2022,10.0,6.0,12.0,2.0,14.0,mc032,37.0
153,Okt 2022,16.0,10.0,11.0,5.0,18.0,mc032,21.0
154,Nov 2022,18.0,15.0,14.0,5.0,21.0,mc032,17.0
0,Dez 2010,27.0,,23.0,4.0,28.0,mc085,31.0
1,Jan 2011,18.0,,18.0,2.0,21.0,mc085,35.0
2,Feb 2011,40.0,,16.0,2.0,18.0,mc085,52.0
3,Mär 2011,31.0,,20.0,3.0,24.0,mc085,53.0
4,Apr 2011,23.0,,12.0,1.0,14.0,mc085,73.0
5,Mai 2011,17.0,,9.0,1.0,11.0,mc085,81.0
6,Jun 2011,13.0,,8.0,1.0,9.0,mc085,73.0
7,Jul 2011,11.0,,8.0,1.0,9.0,mc085,60.0
8,Aug 2011,15.0,,9.0,1.0,10.0,mc085,58.0
9,Sep 2011,16.0,,13.0,3.0,18.0,mc085,43.0
10,Okt 2011,20.0,,15.0,3.0,19.0,mc085,33.0
11,Nov 2011,42.0,,19.0,5.0,27.0,mc085,21.0
12,Dez 2011,10.0,,14.0,1.0,15.0,mc085,39.0
13,Jan 2012,20.0,,17.0,2.0,20.0,mc085,38.0
14,Feb 2012,25.0,,21.0,4.0,27.0,mc085,39.0
15,Mär 2012,23.0,,17.0,2.0,19.0,mc085,53.0
16,Apr 2012,17.0,,10.0,1.0,12.0,mc085,72.0
17,Mai 2012,17.0,,8.0,1.0,9.0,mc085,79.0
18,Jun 2012,14.0,,8.0,1.0,9.0,mc085,70.0
19,Jul 2012,16.0,,8.0,1.0,9.0,mc085,64.0
20,Aug 2012,17.0,,10.0,1.0,12.0,mc085,61.0
21,Sep 2012,14.0,,13.0,1.0,15.0,mc085,49.0
22,Okt 2012,16.0,,14.0,3.0,19.0,mc085,35.0
23,Nov 2012,19.0,,18.0,4.0,23.0,mc085,26.0
24,Dez 2012,23.0,,21.0,3.0,25.0,mc085,41.0
25,Jan 2013,23.0,,14.0,1.0,16.0,mc085,43.0
26,Feb 2013,27.0,,14.0,1.0,16.0,mc085,47.0
27,Mär 2013,24.0,,15.0,1.0,17.0,mc085,74.0
28,Apr 2013,22.0,,12.0,1.0,14.0,mc085,74.0
29,Mai 2013,17.0,,9.0,1.0,10.0,mc085,69.0
30,Jun 2013,16.0,,6.0,1.0,7.0,mc085,72.0
31,Jul 2013,18.0,,9.0,1.0,9.0,mc085,70.0
32,Aug 2013,19.0,,11.0,1.0,13.0,mc085,64.0
33,Sep 2013,13.0,,12.0,2.0,16.0,mc085,43.0
34,Okt 2013,19.0,,13.0,2.0,16.0,mc085,34.0
35,Nov 2013,15.0,,19.0,3.0,22.0,mc085,28.0
36,Dez 2013,14.0,,17.0,4.0,24.0,mc085,30.0
37,Jan 2014,31.0,,15.0,1.0,17.0,mc085,32.0
38,Feb 2014,20.0,,15.0,1.0,17.0,mc085,43.0
39,Mär 2014,31.0,,17.0,2.0,20.0,mc085,48.0
40,Apr 2014,22.0,,9.0,1.0,11.0,mc085,66.0
41,Mai 2014,14.0,,6.0,1.0,7.0,mc085,69.0
42,Jun 2014,15.0,,7.0,1.0,8.0,mc085,66.0
43,Jul 2014,22.0,,8.0,1.0,9.0,mc085,74.0
44,Aug 2014,15.0,,11.0,1.0,12.0,mc085,64.0
45,Sep 2014,24.0,,12.0,1.0,14.0,mc085,53.0
46,Okt 2014,24.0,,15.0,3.0,20.0,mc085,30.0
47,Nov 2014,31.0,,16.0,4.0,22.0,mc085,20.0
48,Dez 2014,20.0,,16.0,3.0,20.0,mc085,35.0
49,Jan 2015,17.0,,13.0,1.0,14.0,mc085,44.0
50,Feb 2015,25.0,,17.0,2.0,20.0,mc085,42.0
51,Mär 2015,23.0,,14.0,1.0,16.0,mc085,55.0
52,Apr 2015,17.0,,12.0,1.0,14.0,mc085,68.0
53,Mai 2015,15.0,,10.0,1.0,11.0,mc085,74.0
54,Jun 2015,16.0,,8.0,1.0,10.0,mc085,76.0
55,Jul 2015,16.0,,8.0,1.0,9.0,mc085,77.0
56,Aug 2015,23.0,,10.0,1.0,11.0,mc085,90.0
57,Sep 2015,13.0,,12.0,2.0,14.0,mc085,53.0
58,Okt 2015,34.0,,18.0,4.0,24.0,mc085,30.0
59,Nov 2015,18.0,,17.0,6.0,26.0,mc085,33.0
60,Dez 2015,16.0,,16.0,2.0,18.0,mc085,34.0
61,Jan 2016,28.0,,20.0,3.0,24.0,mc085,30.0
62,Feb 2016,17.0,,14.0,1.0,15.0,mc085,48.0
63,Mär 2016,23.0,,15.0,2.0,18.0,mc085,49.0
64,Apr 2016,17.0,,12.0,1.0,14.0,mc085,65.0
65,Mai 2016,20.0,,8.0,1.0,9.0,mc085,83.0
66,Jun 2016,17.0,,8.0,1.0,9.0,mc085,71.0
67,Jul 2016,14.0,,9.0,1.0,10.0,mc085,65.0
68,Aug 2016,13.0,,10.0,1.0,12.0,mc085,56.0
69,Sep 2016,16.0,,12.0,1.0,14.0,mc085,66.0
70,Okt 2016,15.0,,12.0,2.0,15.0,mc085,24.0
71,Nov 2016,19.0,,19.0,4.0,25.0,mc085,24.0
72,Dez 2016,17.0,,23.0,5.0,31.0,mc085,25.0
73,Jan 2017,22.0,20.0,21.0,3.0,25.0,mc085,34.0
74,Feb 2017,30.0,28.0,17.0,1.0,19.0,mc085,45.0
75,Mär 2017,16.0,13.0,14.0,2.0,17.0,mc085,55.0
76,Apr 2017,14.0,11.0,12.0,1.0,14.0,mc085,65.0
77,Mai 2017,16.0,11.0,8.0,1.0,10.0,mc085,72.0
78,Jun 2017,12.0,8.0,8.0,1.0,9.0,mc085,67.0
79,Jul 2017,12.0,9.0,8.0,1.0,9.0,mc085,58.0
80,Aug 2017,13.0,8.0,9.0,1.0,10.0,mc085,62.0
81,Sep 2017,15.0,11.0,11.0,2.0,14.0,mc085,43.0
82,Okt 2017,14.0,10.0,13.0,2.0,16.0,mc085,37.0
83,Nov 2017,16.0,13.0,16.0,2.0,19.0,mc085,31.0
84,Dez 2017,14.0,12.0,16.0,3.0,20.0,mc085,34.0
85,Jan 2018,17.0,14.0,13.0,1.0,15.0,mc085,39.0
86,Feb 2018,25.0,21.0,15.0,2.0,17.0,mc085,46.0
87,Mär 2018,27.0,23.0,15.0,1.0,17.0,mc085,54.0
88,Apr 2018,19.0,15.0,10.0,1.0,12.0,mc085,72.0
89,Mai 2018,20.0,12.0,7.0,1.0,8.0,mc085,85.0
90,Jun 2018,17.0,11.0,8.0,1.0,8.0,mc085,76.0
91,Jul 2018,16.0,9.0,8.0,1.0,9.0,mc085,78.0
92,Aug 2018,16.0,9.0,9.0,1.0,10.0,mc085,82.0
93,Sep 2018,16.0,9.0,11.0,1.0,12.0,mc085,63.0
94,Okt 2018,21.0,14.0,15.0,3.0,19.0,mc085,47.0
95,Nov 2018,27.0,23.0,15.0,4.0,21.0,mc085,23.0
96,Dez 2018,14.0,12.0,14.0,1.0,15.0,mc085,31.0
97,Jan 2019,17.0,14.0,13.0,1.0,14.0,mc085,43.0
98,Feb 2019,23.0,19.0,22.0,3.0,26.0,mc085,37.0
99,Mär 2019,13.0,10.0,10.0,1.0,12.0,mc085,60.0
100,Apr 2019,22.0,15.0,7.0,1.0,8.0,mc085,82.0
101,Mai 2019,13.0,9.0,7.0,1.0,8.0,mc085,69.0
102,Jun 2019,16.0,10.0,6.0,0.0,7.0,mc085,92.0
103,Jul 2019,15.0,8.0,7.0,1.0,8.0,mc085,66.0
104,Aug 2019,15.0,9.0,8.0,1.0,10.0,mc085,75.0
105,Sep 2019,13.0,8.0,11.0,1.0,12.0,mc085,54.0
106,Okt 2019,15.0,10.0,12.0,3.0,16.0,mc085,36.0
107,Nov 2019,20.0,16.0,14.0,1.0,16.0,mc085,21.0
108,Dez 2019,14.0,11.0,15.0,1.0,17.0,mc085,32.0
109,Jan 2020,14.0,12.0,15.0,1.0,16.0,mc085,38.0
110,Feb 2020,9.0,7.0,10.0,1.0,11.0,mc085,57.0
111,Mär 2020,17.0,13.0,10.0,1.0,11.0,mc085,62.0
112,Apr 2020,17.0,10.0,8.0,1.0,9.0,mc085,78.0
113,Mai 2020,11.0,7.0,7.0,1.0,8.0,mc085,70.0
114,Jun 2020,14.0,9.0,5.0,1.0,6.0,mc085,73.0
115,Jul 2020,12.0,7.0,6.0,1.0,7.0,mc085,58.0
116,Aug 2020,15.0,10.0,7.0,1.0,8.0,mc085,73.0
117,Sep 2020,14.0,9.0,10.0,2.0,13.0,mc085,52.0
118,Okt 2020,12.0,9.0,9.0,1.0,10.0,mc085,36.0
119,Nov 2020,17.0,14.0,13.0,1.0,15.0,mc085,28.0
120,Dez 2020,21.0,18.0,12.0,1.0,14.0,mc085,24.0
121,Jan 2021,13.0,11.0,11.0,1.0,13.0,mc085,35.0
122,Feb 2021,22.0,17.0,15.0,2.0,18.0,mc085,44.0
123,Mär 2021,17.0,13.0,13.0,2.0,16.0,mc085,55.0
124,Apr 2021,14.0,10.0,8.0,1.0,10.0,mc085,70.0
125,Mai 2021,10.0,7.0,6.0,1.0,7.0,mc085,70.0
126,Jun 2021,17.0,11.0,6.0,1.0,7.0,mc085,80.0
127,Jul 2021,17.0,10.0,6.0,1.0,7.0,mc085,59.0
128,Aug 2021,11.0,7.0,6.0,1.0,7.0,mc085,57.0
129,Sep 2021,15.0,11.0,8.0,1.0,9.0,mc085,48.0
130,Okt 2021,14.0,11.0,10.0,1.0,11.0,mc085,44.0
131,Nov 2021,15.0,13.0,12.0,1.0,14.0,mc085,31.0
132,Dez 2021,18.0,15.0,15.0,1.0,17.0,mc085,29.0
133,Jan 2022,14.0,11.0,12.0,2.0,13.0,mc085,45.0
134,Feb 2022,10.0,7.0,7.0,2.0,8.0,mc085,61.0
135,Mär 2022,23.0,18.0,10.0,2.0,13.0,mc085,63.0
136,Apr 2022,13.0,9.0,6.0,2.0,6.0,mc085,71.0
137,Mai 2022,14.0,8.0,5.0,2.0,6.0,mc085,76.0
138,Jun 2022,13.0,8.0,5.0,2.0,6.0,mc085,80.0
139,Jul 2022,12.0,6.0,5.0,2.0,6.0,mc085,73.0
140,Aug 2022,15.0,9.0,6.0,2.0,7.0,mc085,71.0
141,Sep 2022,11.0,7.0,8.0,2.0,9.0,mc085,49.0
142,Okt 2022,15.0,10.0,10.0,2.0,13.0,mc085,31.0
143,Nov 2022,19.0,16.0,12.0,2.0,15.0,mc085,25.0
0,Jan 2010,46.0,,21.0,4.0,26.0,mc077,
1,Feb 2010,32.0,,20.0,2.0,23.0,mc077,52.0
2,Mär 2010,21.0,,15.0,2.0,17.0,mc077,58.0
3,Apr 2010,21.0,,12.0,2.0,14.0,mc077,70.0
4,Mai 2010,16.0,,7.0,1.0,9.0,mc077,58.0
5,Jun 2010,16.0,,7.0,1.0,8.0,mc077,70.0
6,Jul 2010,20.0,,9.0,1.0,11.0,mc077,83.0
7,Aug 2010,16.0,,11.0,1.0,13.0,mc077,53.0
8,Sep 2010,15.0,,11.0,2.0,13.0,mc077,39.0
9,Okt 2010,23.0,,18.0,4.0,24.0,mc077,30.0
10,Nov 2010,16.0,,15.0,4.0,20.0,mc077,30.0
11,Dez 2010,26.0,,25.0,6.0,34.0,mc077,31.0
12,Jan 2011,17.0,,22.0,4.0,28.0,mc077,
13,Feb 2011,37.0,,16.0,2.0,19.0,mc077,52.0
14,Mär 2011,29.0,,18.0,3.0,22.0,mc077,54.0
15,Apr 2011,21.0,,10.0,1.0,12.0,mc077,72.0
16,Mai 2011,18.0,,11.0,1.0,13.0,mc077,76.0
17,Jun 2011,14.0,,8.0,1.0,9.0,mc077,69.0
18,Jul 2011,11.0,,7.0,1.0,9.0,mc077,57.0
19,Aug 2011,15.0,,10.0,1.0,12.0,mc077,51.0
20,Sep 2011,18.0,,15.0,5.0,22.0,mc077,39.0
21,Okt 2011,22.0,,16.0,6.0,25.0,mc077,30.0
22,Nov 2011,44.0,,23.0,11.0,39.0,mc077,17.0
23,Dez 2011,12.0,,17.0,2.0,20.0,mc077,35.0
24,Jan 2012,22.0,,15.0,2.0,18.0,mc077,38.0
25,Feb 2012,23.0,,17.0,3.0,21.0,mc077,43.0
26,Mär 2012,22.0,,14.0,3.0,19.0,mc077,52.0
27,Apr 2012,18.0,,13.0,1.0,15.0,mc077,67.0
28,Mai 2012,18.0,,9.0,1.0,10.0,mc077,73.0
29,Jun 2012,16.0,,8.0,1.0,10.0,mc077,64.0
30,Jul 2012,17.0,,8.0,1.0,10.0,mc077,58.0
31,Aug 2012,17.0,,10.0,1.0,11.0,mc077,52.0
32,Sep 2012,15.0,,14.0,2.0,17.0,mc077,41.0
33,Okt 2012,17.0,,17.0,6.0,26.0,mc077,29.0
34,Nov 2012,21.0,,23.0,8.0,35.0,mc077,19.0
35,Dez 2012,25.0,,25.0,6.0,35.0,mc077,22.0
36,Jan 2013,24.0,,15.0,2.0,18.0,mc077,41.0
37,Feb 2013,28.0,,13.0,1.0,14.0,mc077,47.0
38,Mär 2013,25.0,,12.0,2.0,15.0,mc077,75.0
39,Apr 2013,24.0,,14.0,2.0,16.0,mc077,72.0
40,Mai 2013,19.0,,9.0,1.0,10.0,mc077,65.0
41,Jun 2013,16.0,,7.0,1.0,8.0,mc077,66.0
42,Jul 2013,17.0,,8.0,1.0,9.0,mc077,64.0
43,Aug 2013,19.0,,10.0,1.0,12.0,mc077,58.0
44,Sep 2013,13.0,,11.0,2.0,14.0,mc077,36.0
45,Okt 2013,21.0,,18.0,4.0,24.0,mc077,30.0
46,Nov 2013,17.0,,19.0,5.0,26.0,mc077,28.0
47,Dez 2013,16.0,,23.0,8.0,35.0,mc077,26.0
48,Jan 2014,33.0,,19.0,3.0,24.0,mc077,29.0
49,Feb 2014,26.0,,24.0,5.0,31.0,mc077,35.0
50,Mär 2014,35.0,,16.0,4.0,22.0,mc077,47.0
51,Apr 2014,24.0,,10.0,2.0,12.0,mc077,64.0
52,Mai 2014,16.0,,7.0,1.0,9.0,mc077,65.0
53,Jun 2014,16.0,,8.0,1.0,9.0,mc077,62.0
54,Jul 2014,22.0,,8.0,1.0,10.0,mc077,71.0
55,Aug 2014,16.0,,10.0,3.0,14.0,mc077,56.0
56,Sep 2014,25.0,,11.0,2.0,14.0,mc077,48.0
57,Okt 2014,27.0,,18.0,8.0,30.0,mc077,25.0
58,Nov 2014,33.0,,17.0,7.0,27.0,mc077,17.0
59,Dez 2014,21.0,,19.0,4.0,25.0,mc077,32.0
60,Jan 2015,16.0,,16.0,2.0,18.0,mc077,41.0
61,Feb 2015,27.0,,20.0,4.0,26.0,mc077,39.0
62,Mär 2015,26.0,,16.0,3.0,20.0,mc077,51.0
63,Apr 2015,19.0,,12.0,2.0,14.0,mc077,64.0
64,Mai 2015,17.0,,10.0,1.0,12.0,mc077,67.0
65,Jun 2015,15.0,,8.0,1.0,10.0,mc077,70.0
66,Jul 2015,18.0,,8.0,1.0,10.0,mc077,72.0
67,Aug 2015,24.0,,10.0,1.0,12.0,mc077,79.0
68,Sep 2015,15.0,,13.0,2.0,16.0,mc077,44.0
69,Okt 2015,30.0,,16.0,6.0,26.0,mc077,27.0
70,Nov 2015,19.0,,20.0,11.0,36.0,mc077,29.0
71,Dez 2015,17.0,,20.0,3.0,25.0,mc077,31.0
72,Jan 2016,34.0,,23.0,6.0,32.0,mc077,28.0
73,Feb 2016,16.0,,15.0,2.0,18.0,mc077,45.0
74,Mär 2016,22.0,,16.0,4.0,22.0,mc077,47.0
75,Apr 2016,19.0,,13.0,2.0,16.0,mc077,61.0
76,Mai 2016,21.0,,9.0,1.0,10.0,mc077,78.0
77,Jun 2016,17.0,,9.0,1.0,11.0,mc077,65.0
78,Jul 2016,16.0,,8.0,1.0,10.0,mc077,59.0
79,Aug 2016,14.0,,10.0,1.0,12.0,mc077,49.0
80,Sep 2016,25.0,,14.0,2.0,17.0,mc077,53.0
81,Okt 2016,22.0,,12.0,3.0,17.0,mc077,23.0
82,Nov 2016,21.0,,22.0,9.0,35.0,mc077,21.0
83,Dez 2016,19.0,,24.0,10.0,39.0,mc077,26.0
84,Jan 2017,23.0,20.0,23.0,6.0,32.0,mc077,36.0
85,Feb 2017,34.0,30.0,20.0,4.0,26.0,mc077,43.0
86,Mär 2017,18.0,14.0,16.0,3.0,20.0,mc077,51.0
87,Apr 2017,16.0,12.0,10.0,2.0,12.0,mc077,65.0
88,Mai 2017,18.0,12.0,8.0,1.0,10.0,mc077,70.0
89,Jun 2017,19.0,9.0,9.0,2.0,11.0,mc077,62.0
90,Jul 2017,16.0,10.0,9.0,1.0,11.0,mc077,52.0
91,Aug 2017,14.0,9.0,10.0,2.0,13.0,mc077,44.0
92,Sep 2017,18.0,12.0,12.0,3.0,16.0,mc077,29.0
93,Okt 2017,18.0,12.0,15.0,3.0,19.0,mc077,27.0
94,Nov 2017,17.0,13.0,20.0,4.0,26.0,mc077,22.0
95,Dez 2017,13.0,11.0,17.0,4.0,24.0,mc077,30.0
96,Jan 2018,17.0,14.0,16.0,2.0,19.0,mc077,34.0
97,Feb 2018,24.0,20.0,20.0,3.0,25.0,mc077,36.0
98,Mär 2018,26.0,21.0,15.0,2.0,19.0,mc077,48.0
99,Apr 2018,22.0,15.0,13.0,2.0,15.0,mc077,66.0
100,Mai 2018,19.0,11.0,8.0,1.0,9.0,mc077,77.0
101,Jun 2018,16.0,10.0,8.0,1.0,9.0,mc077,70.0
102,Jul 2018,16.0,9.0,10.0,1.0,11.0,mc077,63.0
103,Aug 2018,18.0,8.0,12.0,1.0,13.0,mc077,69.0
104,Sep 2018,15.0,8.0,15.0,1.0,17.0,mc077,51.0
105,Okt 2018,18.0,13.0,18.0,4.0,24.0,mc077,35.0
106,Nov 2018,26.0,22.0,17.0,6.0,25.0,mc077,17.0
107,Dez 2018,14.0,12.0,15.0,4.0,22.0,mc077,27.0
108,Jan 2019,17.0,14.0,15.0,2.0,18.0,mc077,39.0
109,Feb 2019,23.0,19.0,24.0,7.0,35.0,mc077,32.0
110,Mär 2019,13.0,10.0,13.0,1.0,15.0,mc077,54.0
111,Apr 2019,22.0,14.0,8.0,0.0,8.0,mc077,77.0
112,Mai 2019,12.0,8.0,8.0,1.0,9.0,mc077,60.0
113,Jun 2019,16.0,10.0,9.0,0.0,9.0,mc077,73.0
114,Jul 2019,15.0,8.0,9.0,1.0,10.0,mc077,55.0
115,Aug 2019,16.0,9.0,12.0,2.0,14.0,mc077,56.0
116,Sep 2019,14.0,8.0,14.0,2.0,17.0,mc077,41.0
117,Okt 2019,19.0,12.0,15.0,5.0,23.0,mc077,22.0
118,Nov 2019,24.0,18.0,18.0,4.0,24.0,mc077,13.0
119,Dez 2019,17.0,13.0,22.0,6.0,31.0,mc077,24.0
120,Jan 2020,17.0,13.0,22.0,5.0,29.0,mc077,29.0
121,Feb 2020,11.0,8.0,13.0,1.0,14.0,mc077,49.0
122,Mär 2020,18.0,13.0,13.0,1.0,15.0,mc077,53.0
123,Apr 2020,20.0,10.0,8.0,1.0,10.0,mc077,71.0
124,Mai 2020,12.0,7.0,7.0,1.0,8.0,mc077,62.0
125,Jun 2020,15.0,8.0,7.0,1.0,7.0,mc077,61.0
126,Jul 2020,9.0,6.0,8.0,1.0,10.0,mc077,50.0
127,Aug 2020,13.0,8.0,11.0,1.0,12.0,mc077,62.0
128,Sep 2020,13.0,8.0,14.0,2.0,16.0,mc077,41.0
129,Okt 2020,14.0,10.0,13.0,2.0,16.0,mc077,25.0
130,Nov 2020,20.0,14.0,17.0,4.0,23.0,mc077,21.0
131,Dez 2020,23.0,19.0,16.0,3.0,21.0,mc077,18.0
132,Jan 2021,15.0,12.0,13.0,2.0,16.0,mc077,30.0
133,Feb 2021,24.0,18.0,18.0,4.0,24.0,mc077,38.0
134,Mär 2021,18.0,13.0,13.0,3.0,18.0,mc077,50.0
135,Apr 2021,16.0,10.0,7.0,1.0,9.0,mc077,67.0
136,Mai 2021,12.0,7.0,7.0,1.0,8.0,mc077,61.0
137,Jun 2021,16.0,10.0,6.0,0.0,7.0,mc077,70.0
138,Jul 2021,16.0,10.0,8.0,1.0,9.0,mc077,46.0
139,Aug 2021,11.0,7.0,7.0,1.0,8.0,mc077,45.0
140,Sep 2021,17.0,11.0,9.0,1.0,10.0,mc077,33.0
141,Okt 2021,17.0,12.0,13.0,2.0,16.0,mc077,29.0
142,Nov 2021,18.0,14.0,14.0,4.0,19.0,mc077,25.0
143,Dez 2021,19.0,16.0,16.0,3.0,21.0,mc077,25.0
144,Jan 2022,14.0,11.0,12.0,2.0,15.0,mc077,40.0
145,Feb 2022,10.0,8.0,10.0,2.0,11.0,mc077,54.0
146,Mär 2022,22.0,17.0,11.0,2.0,12.0,mc077,59.0
147,Apr 2022,12.0,8.0,6.0,2.0,7.0,mc077,69.0
148,Mai 2022,13.0,8.0,6.0,2.0,7.0,mc077,64.0
149,Jun 2022,13.0,9.0,8.0,2.0,9.0,mc077,63.0
150,Jul 2022,11.0,6.0,8.0,2.0,9.0,mc077,60.0
151,Aug 2022,15.0,9.0,10.0,2.0,11.0,mc077,55.0
152,Sep 2022,13.0,8.0,10.0,2.0,12.0,mc077,35.0
153,Okt 2022,19.0,12.0,13.0,4.0,18.0,mc077,20.0
154,Nov 2022,22.0,17.0,14.0,3.0,18.0,mc077,17.0
